"query","chebiid","chebiasciiname","searchscore","entitystar"
"C[N+](C)(C)CC(CC(=O)O)O","CHEBI:3424","carnitinium","3.6","3"
"C1=CC=C2C(=C1)C(=CN2)CC(C(=O)O)N","CHEBI:27897","tryptophan","2.72","3"
"CC(=O)NC(CC1=CN=CN1)C(=O)O","CHEBI:86910","N-acetylhistidine","2.47","3"
"C1=CC=C(C=C1)CC(C(=O)O)N","CHEBI:28044","phenylalanine","2.68","3"
"CCC(=O)OC(CC(=O)O)C[N+](C)(C)C",NA,NA,NA,NA
"C[N+](C)(C)CCOP(=O)(O)OCC(CO)O",NA,NA,NA,NA
"CC(=O)OC(CC(=O)O)C[N+](C)(C)C",NA,NA,NA,NA
"CC(=O)NC(CCC(=O)N)C(=O)O","CHEBI:73685","N(2)-acetylglutamine","2.41","3"
"C1=C(N(C=N1)C2C(C(C(O2)CO)O)O)N",NA,NA,NA,NA
"C(CC(C(=O)O)N)CN","CHEBI:18257","ornithine","2.73","3"
"C1CC(=O)NC1C(=O)O","CHEBI:16010","5-oxoproline","2.83","3"
"CC(C)(CO)C(C(=O)NCCC(=O)O)O","CHEBI:7916","pantothenic acid","2.43","3"
"C1=C(NC=N1)CC(C(=O)O)N","CHEBI:27570","histidine","2.69","3"
"C(COCCOCC(=O)O)O",NA,NA,NA,NA
"CC(C)(CO)C(C(=O)NCCCO)O",NA,NA,NA,NA
"C1=CC(=C[N+](=C1)C2C(C(C(O2)CO)O)O)C(=O)N",NA,NA,NA,NA
"C(CC(=O)O)CN=C(N)N","CHEBI:15728","4-guanidinobutanoic acid","2.89","3"
"C1=CN(C=N1)CC(CO)O",NA,NA,NA,NA
"CC1(CC(CC(N1)(C)C)N(C)C)C",NA,NA,NA,NA
"CSCCC(C(=O)O)N","CHEBI:16811","methionine","2.71","3"
"C1=CN(C(=O)N=C1N)C2C(C(C(O2)CO)O)O",NA,NA,NA,NA
"CC(=O)NC(CCCN=C(N)N)C(=O)O","CHEBI:143241","acetylarginine","2.41","2"
"C(CNC(=O)N)C(=O)O","CHEBI:18261","N-carbamoyl-beta-alanine","2.99","3"
"C(COCCOCCOCCOCCOCCO)O","CHEBI:49793","hexaethylene glycol","5.02","3"
"C1=CNC(=O)NC1=O","CHEBI:17568","uracil","3.46","3"
"CC(=O)NCCCC(C(=O)O)NC(=O)C",NA,NA,NA,NA
"C(CC(C(=O)O)N)CNC(=O)N","CHEBI:18211","citrulline","2.83","3"
"C(C(C(=O)O)N)C(=O)N","CHEBI:22653","asparagine","2.73","3"
"C[N+](C)(C)CCCCC(C(=O)O)N","CHEBI:176482","N,N,N-Trimethyllysine","3.61","2"
"C(CC(=O)N)C(C(=O)O)N","CHEBI:28300","glutamine","2.73","3"
"CCCC(=CC(=O)NC(CCC(=O)N)C(=O)O)C",NA,NA,NA,NA
"CC1(CC(CC(N1CCO)(C)C)O)C","CHEBI:182655","4-Hydroxy-1-(2-hydroxyethyl)-2,2,6,6-tetramethylpiperidine","3.0","2"
"C(CCN)CC(C(=O)O)N","CHEBI:25094","lysine","2.68","3"
"C(CCCCCC(=O)O)CCCCC#N",NA,NA,NA,NA
"C=CC1=CN(C(=O)NC1=O)C2C(C(C(O2)CO)O)O",NA,NA,NA,NA
"C(CC(=O)O)C(C(=O)O)N","CHEBI:18237","glutamic acid","2.73","3"
"C1=C(NC(=O)N=C1)N","CHEBI:16040","cytosine","3.55","3"
"C(CO)NCCO","CHEBI:28123","diethanolamine","5.02","3"
"CC1=NC=C(C(=N1)N)CO","CHEBI:16892","4-amino-5-hydroxymethyl-2-methylpyrimidine","3.06","3"
"CCN(CC)CCO","CHEBI:52153","2-diethylaminoethanol","4.04","3"
"C1(=NC(=NC(=N1)N)N)N","CHEBI:27915","melamine","2.99","3"
"C1CC(NC1)C(=O)O","CHEBI:26271","proline","3.13","3"
"CC(=O)NCCCC(=O)O","CHEBI:17645","4-acetamidobutanoic acid","2.99","3"
"C[N+](C)(C)CCCC(=O)O","CHEBI:1941","4-(trimethylammonio)butanoic acid","3.78","3"
"C1=C(NC=N1)CC(C(=O)O)NC(=O)CCCN","CHEBI:28050","homocarnosine","2.47","3"
"C1=C(NC=N1)CC(C(=O)O)NC(=O)CCN",NA,NA,NA,NA
"CC(=O)NCCCN1CCCC1=O","CHEBI:133185","N-(3-acetamidopropyl)pyrrolidin-2-one","3.06","3"
"C(COCCOCCOCCOCCO)O","CHEBI:39631","pentaethylene glycol","5.02","3"
"C1CC(N(C1)C(=O)N)C(=O)O",NA,NA,NA,NA
"CC(=O)NCCCCN","CHEBI:17768","N-acetylputrescine","3.46","3"
"CC(=O)NC1C(C(C(OC1O)CO)O)O","CHEBI:7203","N-acetylhexosamine","2.2","2"
"C[N+]1(CCCC1C(=O)O)C","CHEBI:193587","DL-Stachydrine","4.79","2"
"CC(C(C(=O)O)N)O","CHEBI:38263","2-amino-3-hydroxybutanoic acid","2.71","3"
"C(COCCOCCOCCOCCOCC(=O)O)O",NA,NA,NA,NA
"C(CCN=C(N)N)CC(C(=O)O)N",NA,NA,NA,NA
"CN(CC(=O)O)C(=N)N","CHEBI:16919","creatine","2.93","3"
"CC(=O)N1C(CCC1=O)C(=O)O",NA,NA,NA,NA
"C(CS(=O)(=O)O)N","CHEBI:15891","taurine","3.4","3"
"CC(=O)NCCC(=O)O","CHEBI:16682","N-acetyl-beta-alanine","2.99","3"
"CC(=O)NC(CO)C(=O)O","CHEBI:170015","N-Acetyl-DL-serine","2.93","2"
"CC#CCCCCCC(C)(C(=O)O)N",NA,NA,NA,NA
"CC(C)C(C(=O)NC(CCCN=C(N)N)C(=O)O)N",NA,NA,NA,NA
"C1C(C(OC1N2C=CC(=NC2=O)N)CO)O",NA,NA,NA,NA
"C1=C(NC=N1)CCN","CHEBI:18295","histamine","3.94","3"
"C(CC(C(=O)O)N)CN=C(N)N","CHEBI:29016","arginine","2.71","3"
"C(CCNC(CCC(=O)O)C(=O)O)CC(C(=O)O)N",NA,NA,NA,NA
"C1COCCN1","CHEBI:34856","morpholine","4.89","3"
"CC1=CN(C(=O)N=C1N)C2CC(C(O2)CO)O",NA,NA,NA,NA
"C1=CC(=CC=C1CC(C(=O)O)N)O","CHEBI:18186","tyrosine","2.68","3"
"CC(CO)OCC(C)OCC(C)OCC(C)OCC(C)OCC(C)O",NA,NA,NA,NA
"C1COCCN1CCS(=O)(=O)O","CHEBI:39005","2-(N-morpholino)ethanesulfonic acid","3.4","3"
"C(CC(=O)NC(CCC(=O)N)C(=O)O)C(C(=O)O)N","CHEBI:177278","N-gamma-Glutamylglutamine","1.94","2"
"C[N+](C)(C)CCOP(=O)(O)O","CHEBI:18132","phosphocholine","3.78","3"
"C(CO)N(CCO)CC(=O)O","CHEBI:39066","[bis(2-hydroxyethyl)ammonio]acetate","2.93","3"
"C(CCCC=CCCC(=O)O)CCCN",NA,NA,NA,NA
"CN1CCCC1C2=CN=CC=C2","CHEBI:138000","3-(1-methylpyrrolidin-2-yl)pyridine","3.77","3"
"CCCC1=NC(=NC(=N1)N2CCOCC2)NC(C)(CO)CO",NA,NA,NA,NA
"C(COCCOCCOCCO)O","CHEBI:44920","tetraethylene glycol","5.02","3"
"C=CCOC1=NC(=NC(=N1)OCC=C)OCC=C","CHEBI:191000","2,4,6-triallyloxy-1,3,5-triazine","4.96","2"
"C(CCC(=O)N)CC(=O)N","CHEBI:165524","Adipamide","3.0","2"
"CC(C(=O)O)NC(=O)CCC(C(=O)O)N","CHEBI:50621","gamma-glutamylalanine","2.41","3"
"C=CCNC1CCCCC1",NA,NA,NA,NA
"C=CSCC(C(=O)O)N",NA,NA,NA,NA
"C(COCCOCCOCCOCCOCCOCCO)O","CHEBI:44748","heptaethylene glycol","5.02","3"
"CCNC(C1=CC(=CC(=C1)Cl)Cl)C(=O)NC(C(=O)NCC(=O)NCCCS(=O)(=O)C)C(C)(C)C",NA,NA,NA,NA
"C1CNC(=O)NC1=O","CHEBI:15901","5,6-dihydrouracil","3.55","3"
"C1=NC2=C(N1)NC(=N)N=C2O","CHEBI:16235","guanine","3.06","3"
"C(CC(=O)N)CN",NA,NA,NA,NA
"C[N+](C)(C)CC(CC(=O)O)OC(=O)CCCC(=O)O",NA,NA,NA,NA
"CC(C)C(C(=O)NC(C(C)C)C(=O)O)N","CHEBI:176461","Valyl-Valine","2.45","2"
"C1=NC(=C2C(=N1)N(C=N2)C3C(C(C(O3)CO)O)O)N","CHEBI:93913","2-(6-aminopurin-9-yl)-5-(hydroxymethyl)oxolane-3,4-diol","2.32","2"
"C[N+](C)(C)CCO","CHEBI:15354","choline","3.94","3"
"C(C(C(=O)O)N)O","CHEBI:17822","serine","2.72","3"
"CC1(CC(C(=O)O1)COS(=O)(=O)C)C","CHEBI:59145","3-mesyloxymethyl-5,5-dimethylbutyrolactone","3.06","3"
"C(C(C(C(C(CO)O)O)O)O)O","CHEBI:125392","hexane-1,2,3,4,5,6-hexol","2.63","2"
"C1COC(=O)N1N","CHEBI:173320","3-Amino-2-oxazolidone","3.98","2"
"CC(=O)NC(CO)C(C(C(CO)O)O)O",NA,NA,NA,NA
"C1CCNC(C1)C(=O)N",NA,NA,NA,NA
"CN(C)CCCCC(C(=O)O)N","CHEBI:172425","Ne,Ne dimethyllysine","2.88","2"
"COCCOCCOCCOCCO","CHEBI:189796","5S,6S-epoxy-15R-hydroxy-ETE","6.92","2"
"C1CCNCC1","CHEBI:18049","piperidine","4.89","3"
"CC(CO)OCC(C)OCC(C)OCC(C)OCC(C)O",NA,NA,NA,NA
"C1=CC(=CN=C1)C(=O)N","CHEBI:17154","nicotinamide","3.55","3"
"CCCOC(=O)NCCCN(C)C","CHEBI:82033","propamocarb","3.06","3"
"CC(CC(=O)OC(CC(=O)O)C[N+](C)(C)C)O",NA,NA,NA,NA
"CC1=CNC(=O)NC1=O","CHEBI:17821","thymine","2.99","3"
"C(C1C(C(C(C(O1)O)N)O)O)O","CHEBI:180999","2-Amino-2-Deoxy-Hexose","2.64","2"
"CC1(CC(CC(C1)(C)CNCCC(=O)O)N)C",NA,NA,NA,NA
"C(CCO)CN",NA,NA,NA,NA
"CC1=C(SC=[N+]1CC2=CN=C(N=C2N)C)CCO","CHEBI:18385","thiamine(1+)","2.51","3"
"CC(C(=O)O)NC","CHEBI:143269","N-methylalanine","2.88","2"
"C1CCC(CC1)CC(C(CC(=O)O)O)N",NA,NA,NA,NA
"C(CC(=O)NC(CS)C(=O)NCC(=O)O)C(C(=O)O)N","CHEBI:177535","L-Glutathione (reduced)","1.94","2"
"CC(=O)NCCCNCCCC(=O)O","CHEBI:176478","N-Acetylisoputreanine","3.0","2"
"CC1=NCCC(N1)C(=O)O","CHEBI:181182","2-Methyl-4-carboxy-3,4,5,6-tetrahydropyrimidine","2.83","2"
"CC=C(C)C(=O)OC1CCN2C1C(=CC2)COC(=O)C(C(C)O)O",NA,NA,NA,NA
"C1CCNC(C1)C(=O)O","CHEBI:17964","pipecolic acid","3.25","3"
"CC1=CC(=CC(=C1C2=CC(=CC(=O)O2)OC)OC3C(C(C(C(O3)CO)O)O)O)OC4C(C(C(C(O4)CO)O)O)O",NA,NA,NA,NA
"CCCCCCCCCCCC(=O)NCCC[N+](C)(C)CC(=O)O",NA,NA,NA,NA
"C1=CN(C(=O)N=C1N)C2C3C(O3)C(O2)CO",NA,NA,NA,NA
"C(CC(C(=O)O)N)C#N","CHEBI:27578","alpha-amino-gamma-cyanobutanoic acid","3.06","3"
"CC(C)C(C(=O)NCC=O)NC(=O)C(CO)NC(=O)C(CO)NC(=O)CCCCCN",NA,NA,NA,NA
"CC(=O)NC(CCCCN)C(=O)O",NA,NA,NA,NA
"C1CC(NC1)C(=O)N",NA,NA,NA,NA
"C[N+](C)(C)CCOS(=O)(=O)O","CHEBI:52859","choline hydrogen sulfate","3.78","3"
"C[N+](C)(C)CC(C(C(=O)O)O)O",NA,NA,NA,NA
"CCN1C2=C(C=C(C=C2)C(=O)NC(C)C3=C(N(N=C3)C)C)N=C(C1=O)C",NA,NA,NA,NA
"CN(CC(=O)O)C(=O)CN","CHEBI:155838","glycylsarcosine zwitterion","2.99","3"
"CC1=NC=CN=C1CC(C(CO)O)O",NA,NA,NA,NA
"CC1=C(NC(=O)N=C1)N","CHEBI:27551","5-methylcytosine","3.06","3"
"CCCCCCC=CCCCCCCCCCCCCCCCCCCC(=O)O",NA,NA,NA,NA
"CN1C(=O)CCC1=O",NA,NA,NA,NA
"C1=NC(=C(N1C2C(C(C(O2)CO)O)O)N)C(=O)N","CHEBI:125449","5-amino-1-[3,4-dihydroxy-5-(hydroxymethyl)-2-oxolanyl]-4-imidazolecarboxamide","2.41","2"
"C1CC(=O)NC1","CHEBI:36592","pyrrolidin-2-one","4.04","3"
"CC(C)CC(C(=O)NC(C(C)O)C(=O)NC(CO)C(=O)O)N",NA,NA,NA,NA
"CCCCCCCCOC1C(C(C(C(O1)CO)O)O)NC(=O)C",NA,NA,NA,NA
"CC(C(C1=NC2=C(NC1)N=C(NC2=O)N)O)O","CHEBI:64277","7,8-dihydrobiopterin","2.41","3"
"C1CCC(=O)NCCCCCC(=O)NCC1","CHEBI:16968","1,8-diazacyclotetradecane-2,9-dione","3.55","3"
"CCC(C)C(C(=O)N1CCCC1C(=O)O)N",NA,NA,NA,NA
"C1=NC2=C(N1)C(=O)NC(=O)N2","CHEBI:17712","9H-xanthine","2.99","3"
"C(CCNCC(CO)O)CC(C(=O)O)N",NA,NA,NA,NA
"CC(C)(C)OC(=O)N(C)CCCNC",NA,NA,NA,NA
"CCCCCCCCCCCCCN(CCO)CCO",NA,NA,NA,NA
"CC(C(=O)NC(C)C(=O)NC(CC1=CC=C(C=C1)O)C(=O)O)NC(=O)C",NA,NA,NA,NA
"C(C(CC(=O)O)N)C(=O)N",NA,NA,NA,NA
"C1=NC2=C(N1)C(=O)N=CN2","CHEBI:17368","hypoxanthine","3.55","3"
"C[N+]1(CC(CC1C(=O)O)O)C",NA,NA,NA,NA
"CCC(=O)N1C(C2=C(CC(CC2=O)C3=CC=C(C=C3)OC)NC4=CC=CC=C41)C5=CC=C(C=C5)C(=O)OC",NA,NA,NA,NA
"C1CC(=O)NC1C(=O)NC(CC2=CC=C(C=C2)O)C(=O)O","CHEBI:191161","Pyroglu-tyr","3.49","2"
"C1CCC(CC1)NC(=O)NCCCC(=O)O",NA,NA,NA,NA
"CCCCC1=NC2=C(N1CC3=CC=C(C=C3)C4=CC=CC=C4C(=O)O)C=C(C=C2)NC(=O)NC5CCCCC5",NA,NA,NA,NA
"C1COCCN1C2=NC(=NC(=N2)N3CCOCC3)N4CCOCC4",NA,NA,NA,NA
"CC(CO)(CO)N","CHEBI:991","2-amino-2-methylpropane-1,3-diol","4.04","3"
"CCOCCOCCOCCOCCOCCO",NA,NA,NA,NA
"CN(C)CCO","CHEBI:271436","N,N-dimethylethanolamine","3.94","3"
"C1CCCCCC(=O)NCCCCC1","CHEBI:172332","Laurolactam","3.98","2"
"CN1CCCN2C1=NCCC2",NA,NA,NA,NA
"CN(C)C(=NCCCC(C(=O)O)N)N","CHEBI:181449","n-Dimethylarginine","2.41","2"
"C1=NC2=C(N1C3C(C(C(O3)CO)O)O)NC(=NC2=O)N","CHEBI:181418","2-amino-9-[3,4-dihydroxy-5-(hydroxymethyl)oxolan-2-yl]-3H-purin-6-one","2.41","2"
"COCCOCCOCCOCCOCCO",NA,NA,NA,NA
"C1CN(CCC1NC(=O)NC2=CC=CC(=C2)C(F)(F)F)CC3=CC=CC=C3",NA,NA,NA,NA
"C1=NC2=NC=NC(=C2N1)N","CHEBI:16708","adenine","3.55","3"
"C1CNCC=C1","CHEBI:47860","3-piperideine","5.02","3"
"CC(C)(C)NC(CO)C(=O)O",NA,NA,NA,NA
"CC(=O)NC1C(CC(OC1C(C(CO)O)O)(C(=O)O)O)O",NA,NA,NA,NA
"CC(=O)OCC(CO)O",NA,NA,NA,NA
"C1CCC(CC1)NC(=O)NCCCCCCC(=O)O",NA,NA,NA,NA
"CC(=O)NCCCC(C(=O)O)N","CHEBI:133179","N(5)-acetylornithine","2.93","3"
"CCCN(CCC)CC#N",NA,NA,NA,NA
"CNC1=C2C(=NC=N1)N(C=N2)C3C(C(C(O3)CO)O)O","CHEBI:182179","Adenosine, N-methyl-","2.45","2"
"C(CNC(=O)N)C#N",NA,NA,NA,NA
"C1=NC(=C2C(=N1)N(C=N2)C3C4C(O4)C(O3)CO)N",NA,NA,NA,NA
"CC(C)(C)C1=CC2=CC=CC=C2N1",NA,NA,NA,NA
"CC(C(C(=O)O)NC(=O)C1CCCN1)O","CHEBI:173620","Prolyl-Threonine","2.45","2"
"C1COCCOCCOCCO1","CHEBI:32399","12-crown-4","5.02","3"
"CCCCOC(=O)CCCCC(=O)OCCCC","CHEBI:34686","Dibutyl adipate","3.49","2"
"C1C2CC3C1C3C2",NA,NA,NA,NA
"C[N+]1=CC=CC(=C1)C(=O)O","CHEBI:50521","N-methylnicotinic acid","3.78","3"
"CC(C)C(C(=O)O)NCC(CO)O",NA,NA,NA,NA
"CCC(C)C1C(=O)NCC(=O)OC(C(C(=O)NC(C(=O)N(C(C(=O)OC(C(=O)N2CCCC2C(=O)N1)C(C)CC)CC3=CC=CC=C3)C)C(C)C)(C)C)CCCC#C",NA,NA,NA,NA
"CC1=C(C(=C(C(=C1Cl)O)CCC(C)CCC(C)CCOC(=O)C(C)C)O)C=O",NA,NA,NA,NA
"CCCC(C)C1C(=O)NC(=O)NC1=O",NA,NA,NA,NA
"CCCCCCC(C(C(=O)O)N)O",NA,NA,NA,NA
"CC(=O)OCC(COCC(CO)O)O",NA,NA,NA,NA
"C1CC1C(C(=O)O)N",NA,NA,NA,NA
"CC(CN(C)CC(C)O)O",NA,NA,NA,NA
"C(CO)NC(CO)(CO)CO",NA,NA,NA,NA
"CCNCCCC(C)NC1=C2C=CC(=CC2=NC=C1)Cl","CHEBI:166514","Desethylchloroquine","3.0","2"
"CC(C)(C)C(=O)NC1=CC(=CC(=C1)NC(=O)C(C)(C)C)NC(=O)C(C)(C)C",NA,NA,NA,NA
"CC(C)CC(C(=O)NC(C(C)C)C(=O)NC(CO)C(=O)O)NC(=O)C(C)N",NA,NA,NA,NA
"C(CO)N(CCO)CCOCCO",NA,NA,NA,NA
"CNCCCCC(C(=O)O)N","CHEBI:64349","N(6)-methyllysine","2.93","3"
"CC1=CC(=NN1)N","CHEBI:189303","5-Methyl-3-pyrazolamine","3.49","2"
"CCNCCO",NA,NA,NA,NA
"CC(C)CC(C(=O)O)NC(=O)C(C)N","CHEBI:177395","alanyl-leucine","2.37","2"
"C1=NC(=NC(=N1)N)N","CHEBI:38071","1,3,5-triazine-2,4-diamine","3.55","3"
"C(C(C(C(C(CCl)O)O)O)O)O",NA,NA,NA,NA
"C1CC(N(C1)C(=O)C(CC2=CC=C(C=C2)O)N)C(=O)NCC(=O)NCC(=O)O",NA,NA,NA,NA
"C1C(C(OC1N2C=NC3=C2N=C(NC3=O)N)CO)O",NA,NA,NA,NA
"C1=CC=C(C(=C1)NC(=O)CCCCCCC(=O)NN=CC2=CC=C(C=C2)OCCO)O",NA,NA,NA,NA
"C1=CC=C(C=C1)CC(=O)N","CHEBI:16562","2-phenylacetamide","3.55","3"
"C(CCC(CCCCC(=O)O)N)CCC(=O)O",NA,NA,NA,NA
"C1=CC=C(C(=C1)C(=O)OCCN(CCO)CCO)O",NA,NA,NA,NA
"C[S+](CCCN)CC1C(C(C(O1)N2C=NC3=C(N=CN=C32)N)O)O",NA,NA,NA,NA
"CCCC(C)NC(=O)NC1CCCCC1",NA,NA,NA,NA
"CC1CCCC2N1C(C(C2O)O)CO",NA,NA,NA,NA
"COC1=CC=C(C=C1)NC(=O)CN2CCN(CC2)C3=CC=C(C=C3)OC",NA,NA,NA,NA
"C(CC(=O)O)CN","CHEBI:16865","gamma-aminobutyric acid","3.4","3"
"CC(CNC(C)CO)O",NA,NA,NA,NA
"C1CCC(CC1)NC(=O)CC(=O)NC2CCCCC2",NA,NA,NA,NA
"CC(C(=O)NC(CCC(=O)O)C=O)N",NA,NA,NA,NA
"CC1=CC(=CC(=C1C)C)NC(=O)NC(=O)C(F)(F)F",NA,NA,NA,NA
"C1=CC(=C(C2=C1C(=O)C=C(N2)C(=O)O)O)O","CHEBI:17508","7,8-dihydroxykynurenic acid","2.51","3"
"CC(C)C(C(=O)N1CCCC1C(=O)O)N","CHEBI:173611","Valyl-Proline","2.45","2"
"C1CCCC#CCCC1","CHEBI:37816","cyclononyne","5.02","3"
"CCCCCCCCCCCCNC(=O)C1=CC=CC=C1",NA,NA,NA,NA
"CCCCN1C2=C(N=C1NC3CCCCC3)N(C(=O)NC2=O)C",NA,NA,NA,NA
"CC1CC(=O)NC(=O)C1",NA,NA,NA,NA
"C(CCCC(C(=O)O)N)CCCC(C(=O)O)N",NA,NA,NA,NA
"C1CCC(CC1)NCCCN",NA,NA,NA,NA
"C(NC(=O)N)NC(=O)N","CHEBI:10790","methylenediurea","3.06","3"
"CCS(=O)(=O)C",NA,NA,NA,NA
"C1CC2CNC2C1",NA,NA,NA,NA
"CC(=O)OCC[N+](C)(C)C","CHEBI:15355","acetylcholine","3.55","3"
"CC1=NC(=CC=C1)C","CHEBI:32548","2,6-dimethylpyridine","4.04","3"
"CC1=CC=CC=C1C","CHEBI:28063","o-xylene","4.04","3"
"C(CCl)NC(=O)NCCCl",NA,NA,NA,NA
"CC(C)C(=O)NCC(=O)NCC(=O)O",NA,NA,NA,NA
"CN(CCO)CCO",NA,NA,NA,NA
"C1CC(=O)NCC1=O",NA,NA,NA,NA
"CC(C(=O)NC(C)C(=O)NC(C)C(=O)NC(C)C(=O)NC)N",NA,NA,NA,NA
"CC(C=O)NC(=O)C(C)NC(=O)C(CCCCN)NC(=O)C(C)N",NA,NA,NA,NA
"CCOC(=O)C(C(C)O)N",NA,NA,NA,NA
"CCC(C)C(C(=O)O)NC","CHEBI:64350","N-methylisoleucine","2.99","3"
"CCCC(=O)NC(CCCCN)C(=O)O",NA,NA,NA,NA
"CN1CCCC1C2=C[N+](=CC=C2)[O-]",NA,NA,NA,NA
"CC(C(C(=O)O)NC)O",NA,NA,NA,NA
"C(CN)C(=O)NCC(=O)O","CHEBI:73834","beta-Ala-Gly","3.06","3"
"C1CNCC1=O",NA,NA,NA,NA
"C(CCCCCN=C=O)CCCCCN=C=O",NA,NA,NA,NA
"CC1=NC=CN1C","CHEBI:190967","1,2-dimethylimidazole","5.94","2"
"C1C(C(OC1N2C=CC(=NC2=O)C3C(C(=NC(=O)N3C4CC(C(O4)CO)O)N)N)CO)O",NA,NA,NA,NA
"CCCC(=O)NCCCC(=O)NC1CCCC1",NA,NA,NA,NA
"CCCCCCCCOCCOCCO",NA,NA,NA,NA
"CC(CC1=CC=C(C=C1)OC2C(C(C(C(O2)CO)O)O)O)O",NA,NA,NA,NA
"C(CC(=O)O)C(C(=O)O)N=CN",NA,NA,NA,NA
"CC(=O)NC1=CC(=C(C=C1)OC)NCC(CO)O",NA,NA,NA,NA
"C(CC(C(=O)O)N)CO","CHEBI:165867","L-2-Amino-5-hydroxypentanoic acid","3.0","2"
"CN(CCC#N)N=O","CHEBI:82359","3-(N-Nitrosomethylamino)propionitrile","3.98","2"
"CCOC1=C(C=CC(=C1)C=NNC(=O)C(C)OC2=CC=C(C=C2)[N+](=O)[O-])O",NA,NA,NA,NA
"CC(C)C(C(=O)O)NCC(C)O",NA,NA,NA,NA
"C1CCC(CC1)NC(=O)C(=O)NC2CCCCC2",NA,NA,NA,NA
"CCCCCCCC1C(C(C=CC(CCC(=O)O1)O)O)O","CHEBI:181691","(5e)-10-Heptyl-3,4,5,8,9,10-hexahydro-5,8,9-trihydroxy-2h-oxecin-2-one","4.42","2"
"CC1C(C(C(C(O1)OCCO)O)O)O",NA,NA,NA,NA
"CC(C)(C)OC(=O)NC(CCCCN)C(=O)O",NA,NA,NA,NA
"C=CCCCCCCCCC(=O)NC1=CC=C(C=C1)[N+](=O)[O-]",NA,NA,NA,NA
"CC(=O)OCCNCCO",NA,NA,NA,NA
"CC1=CC(=CC(=N)N1O)[N+](=O)[O-]",NA,NA,NA,NA
"CCOC(=O)C1C2CCC(N2C)CC1O",NA,NA,NA,NA
"C1(C(C(C(C(C1O)O)O)N=C(N)N)O)N=C(N)N",NA,NA,NA,NA
"CN(C(=O)C1=C(N=CN=C1Cl)Cl)OC",NA,NA,NA,NA
"CCCCC=CCCCCCC(CC(=O)OC(CC(=O)O)C[N+](C)(C)C)O",NA,NA,NA,NA
"CCCCCCCCCCCCOCCOCCOCCOCCOCCOCCO",NA,NA,NA,NA
"CCC(=O)CN(CC(=O)CC)N=O",NA,NA,NA,NA
"C1=CC(=CC=C1O)O","CHEBI:17594","hydroquinone","4.04","3"
"CN1C=C(C=CC1=O)C(=O)N","CHEBI:27410","N-methyl-6-pyridone-3-carboxamide","2.99","3"
"[CH2+]OCCOCCOCCO",NA,NA,NA,NA
"CC1=NC=CN=C1","CHEBI:89015","methylpyrazine","5.02","3"
"CC(C)CC(C(=O)NCCCCN=C(N)N)NC(=O)C1C(O1)C(=O)O",NA,NA,NA,NA
"C(CC=O)CN=C(N)N","CHEBI:16671","4-guanidinobutanal","3.46","3"
"CC(CCC(=O)O)[N+](C)(C)C",NA,NA,NA,NA
"COC(C=O)C(C(C(CO)O)O)OC",NA,NA,NA,NA
"CCCC1CCCC(N1)C",NA,NA,NA,NA
"CC1=NC=C(N1)CCN","CHEBI:74761","2-methylhistamine","3.55","3"
"C1CSCCN1","CHEBI:36392","thiomorpholine","5.02","3"
"C1CCN(C1)C(=O)CCC2CCOC2",NA,NA,NA,NA
"C1=CN=CC(=O)N1",NA,NA,NA,NA
"CC(C(CCCC1=CC=CC=C1)C(=O)NC(C(=O)NC)C(C)(C)C)N(C=O)O",NA,NA,NA,NA
"C1CC(NC1)CC(=O)O","CHEBI:166840","beta-Homoproline","3.34","2"
"C(CCNCCC(=O)O)CNCCC(=O)O","CHEBI:179478","Spermic acid 2","3.0","2"
"C1CCC(=O)N(CC1)CCC(=O)O",NA,NA,NA,NA
"C1CNC2=CC=CC=C21","CHEBI:43295","indoline","4.04","3"
"C=CC1CCC=CC1","CHEBI:82377","4-Vinylcyclohexene","4.96","2"
"CC1CCCC(CC(=O)C2=C(CC(=O)O1)C=C(C=C2O)O)OC",NA,NA,NA,NA
"CCCCC1=CN=C(C=C1)C(=O)O","CHEBI:5199","Fusaric acid","3.0","2"
"C1CCN2CCCCC2C1","CHEBI:46751","quinolizidine","4.04","3"
"CC1=C(C(=NC=C1)C)C(=O)O",NA,NA,NA,NA
"C1CNC(=O)C1N",NA,NA,NA,NA
"CN(C)C1=NC=NC2=C1N=CN2C3C(C(C(O3)COP(=O)(C)O)OC)O",NA,NA,NA,NA
"C(CO)N(CCO)CC(C(C(C(CO)O)O)O)O",NA,NA,NA,NA
"CSCCC(C(=O)O)NC(=O)CC1=CNC2=CC=CC=C21",NA,NA,NA,NA
"CC(C)(C)NCC(CO)O",NA,NA,NA,NA
"CC(C)CC(C(CC(=O)O)O)N",NA,NA,NA,NA
"CC(CCCNC)CNC(=O)C",NA,NA,NA,NA
"CC(C)(C)OC(=O)NC(CC1=CN(C=N1)C(C(F)(F)F)NC(=O)OCC2=CC=CC=C2)C(=O)O",NA,NA,NA,NA
"CC(C)CC(C(=O)NC(C=O)C(C)C)NC(=O)C",NA,NA,NA,NA
"CC(=O)NCCCCCC(=O)O","CHEBI:134808","acexamic acid","3.0","2"
"C1=CC=C(C=C1)C(=O)OCC2C(C(C(C(O2)OC3=CC=CC=C3C(=O)OCC4=CC=CC=C4OC5C(C(C(C(O5)CO)O)O)O)O)O)O",NA,NA,NA,NA
"CC(C)(C)NC(=O)C1CCCCN1",NA,NA,NA,NA
"CN1C=C(N=C1)CC(C(=O)O)N","CHEBI:70958","1-methylhistidine","2.89","3"
"C(CN)C(C(COP(=O)(O)O)O)O",NA,NA,NA,NA
"C1=CC=C(C(=C1)C(=O)NO)N","CHEBI:190963","2-aminobenzenecarbohydroxamic acid","4.96","2"
"C1CN(C1C(=O)O)CCCO","CHEBI:173686","Medicanine","3.0","2"
"CC1CN(CC(N1)C)C(=O)OC(C)(C)C",NA,NA,NA,NA
"CC1=C(C(=C(N1)C)CC(=O)O)CCC(=O)O",NA,NA,NA,NA
"CC1=C(C(=CC=C1)O)C",NA,NA,NA,NA
"CCC(=O)OC","CHEBI:89873","Methyl propionate","3.98","2"
"CC(C1CCN(CC1)C(=O)OC(C)(C)C)N",NA,NA,NA,NA
"CC(C=O)NC(=O)C(C)NC(=O)C(C)N",NA,NA,NA,NA
"CCOCCOCCOCCOCCOCCOC",NA,NA,NA,NA
"C=CC1CCC(=O)N1",NA,NA,NA,NA
"CCCN(CCC)CCO",NA,NA,NA,NA
"C(CCCNC(=O)CCCO)CCNC(=O)CCCO",NA,NA,NA,NA
"CCCCCCCC1CC(C(C=CC(CC(=O)O1)O)O)O",NA,NA,NA,NA
"CC(=O)OCCOCCOC(=O)C","CHEBI:87344","diethylene glycol diacetate","3.55","3"
"CCN(CCCOC(=O)C1=CC(=C(C(=C1)OC)OC)OC)C(C)CC2=CC=C(C=C2)OC",NA,NA,NA,NA
"CCCC(C)(COC(=O)NC1=CC=C(C=C1)OCC)COC(=O)NC2=CC=C(C=C2)OCC",NA,NA,NA,NA
"CC(C)CC(CC(=O)O)NC(=O)CC(C)N",NA,NA,NA,NA
"CC(C(=O)NC(C)C(=O)O)NC(=O)C",NA,NA,NA,NA
"CCC1(CCNCC1)NC(=O)OC(C)(C)C",NA,NA,NA,NA
"CC1C(CC(C(O1)OC(C)CCC(=O)C)O)O",NA,NA,NA,NA
"CC1CCCCOC(C(CN(C(=O)C2=C(O1)C=CC(=C2)NC(=O)CC3=CC=CC=C3)C(C)CO)C)CN(C)CC4=CC=CC=C4",NA,NA,NA,NA
"C1CCC(CC1)CCNC(=O)C(CCCCN)NC(=O)C(CO)NC(=O)CCCCCCCCCN",NA,NA,NA,NA
"CCN1CN(C2=C1C(=O)NC(=N2)N)C3C(C(C(O3)CO)O)O",NA,NA,NA,NA
"CCC1=CC=C(C=C1)C",NA,NA,NA,NA
"C1C(C(C(O1)C(CO)O)O)O",NA,NA,NA,NA
"CC(CC=CCC(=CCC(=O)O)C)C(CC(=O)O)O",NA,NA,NA,NA
"CC(CO)N1CCOCC1",NA,NA,NA,NA
"C1=CC=C(C(=C1)C(=O)S)OP(=O)(O)O",NA,NA,NA,NA
"CCC1(C(=O)NC(=O)NC1=O)C",NA,NA,NA,NA
"COCCOCCOCCOCCN",NA,NA,NA,NA
"CN1CCC=C(C1)C(=O)O","CHEBI:2813","Arecaidine","3.0","2"
"C[N+](C)(C)CCCC(C(C(=O)O)N)O",NA,NA,NA,NA
"CC1=C(N=C(C=C1)C)C",NA,NA,NA,NA
"CC(C)(C)OC(=O)N1CCC(CC1)C(=O)NC",NA,NA,NA,NA
"CCCCCCCNC(=O)OCC1C(C(C(C(O1)OC)O)O)O",NA,NA,NA,NA
"C1C2C1CNC2",NA,NA,NA,NA
"C(CCCCCCN=C=O)CCCCCN=C=O",NA,NA,NA,NA
"C1CN2CC(CC(C2C1O)O)O",NA,NA,NA,NA
"CC(=O)NC1CCN(C1)C(=O)OC(C)(C)C",NA,NA,NA,NA
"CC1CCNC(C1)C(=O)O",NA,NA,NA,NA
"C(CC(=O)N)CN=C(N)N","CHEBI:18062","4-guanidinobutanamide","2.99","3"
"CC(C)SCCCCCCC(=O)O",NA,NA,NA,NA
"CN1CCCC1C(=O)O",NA,NA,NA,NA
"CNC1=NC2=C(C(=O)N1)N=CN2C3C(C(C(O3)CO)O)O",NA,NA,NA,NA
"CC(=O)CC(=O)CC(=O)C",NA,NA,NA,NA
"CCCC(=O)NCCCCC(C(=O)O)N",NA,NA,NA,NA
"CC1=C(C(=NC(=N1)NCCCC(C(=O)O)N)C)O","CHEBI:168830","(S)-Argpyrimidine","2.45","2"
"C1CC(=O)N(C1)CCO",NA,NA,NA,NA
"CN1N=CC(=N1)CO",NA,NA,NA,NA
"C(CN(CCO)CCO)CO",NA,NA,NA,NA
"CC1CC(NC1)C(=O)O","CHEBI:173341","L-trans-4-Methyl-2-pyrrolidinecarboxylic acid","3.0","2"
"C1COCCN1C(=N)N=C(N)N","CHEBI:94665","N-(diaminomethylidene)-4-morpholinecarboximidamide","3.0","2"
"CC(C)CCN1C2=C(N=C1N3CCCC3)N(C(=O)N(C2=O)C)C",NA,NA,NA,NA
"C1=CC(=C(N=C1)N)C(=O)O","CHEBI:68572","2-aminonicotinic acid","3.06","3"
"C1CCN(C1)S(=O)(=O)C2=CC=C(C=C2)CN",NA,NA,NA,NA
"C1CCN2CCC2C1",NA,NA,NA,NA
"CC(=O)C1=C(C=CC(=C1)NC(=O)C)OC",NA,NA,NA,NA
"CC[N+](C)(C)CCCC(=O)O",NA,NA,NA,NA
"C1=CC(=CN=C1)N=C=O",NA,NA,NA,NA
"COC1=C(C2=C(CC3C4=CC(=C(C=C4CCN3C2=O)OC)O)C=C1)OC",NA,NA,NA,NA
"CCNC(=O)CCCC(C(=O)O)N",NA,NA,NA,NA
"CCCCC(C(=O)O)NC(=O)C","CHEBI:170072","2-(Acetylamino)hexanoic acid","2.93","2"
"CCCOCCOCCOCCOC",NA,NA,NA,NA
"C1CCC=NCC1",NA,NA,NA,NA
"C[N+](C)(C)CC(=O)O","CHEBI:41139","N,N,N-trimethylglycinium","3.78","3"
"CC(CO)NC(C)CO",NA,NA,NA,NA
"CC1(CCC(C2(C1CC=C(C2C=O)C=O)C)OC(=O)C=CC3=CC=C(C=C3)O)C",NA,NA,NA,NA
"CC1(OC2C(C(OC2O1)CO)O)C",NA,NA,NA,NA
"C1=CC=C(C=C1)COC(=O)NCCCC(=O)O",NA,NA,NA,NA
"CN1C=NC2=C1C(=O)NC(=N2)N","CHEBI:28664","2-amino-7-methyl-1,7-dihydro-6H-purin-6-one","2.93","3"
"C1=CC(=CC=C1C(=O)O)OCCCCCCCCCCOC2=CC=C(C=C2)C(=O)O",NA,NA,NA,NA
"CC1C(C(C(C(O1)O)O)O)O",NA,NA,NA,NA
"CN(C)S(=O)(=O)F",NA,NA,NA,NA
"C1C(C(C(C(N1)CCO)O)O)O",NA,NA,NA,NA
"C1=CC(=CC=C1C(=O)O)N(CC2=CN=C3C(=N2)C(=O)NC(=N3)N)C=O",NA,NA,NA,NA
"CCOCCOCCOCCOCCO",NA,NA,NA,NA
"CC(C(C1=CC=CC=C1)O)NCCC(=O)O",NA,NA,NA,NA
"CC1(C2CCC1(C(=O)C2=O)C)C","CHEBI:34607","bornane-2,3-dione","2.93","3"
"CC(=CCO)COC1C(C(C(C(O1)CO)O)O)O",NA,NA,NA,NA
"COC1=C(C=C(C=C1)C(=O)NCC=C)OC",NA,NA,NA,NA
"C1C=CCC(=C1)C(=O)O",NA,NA,NA,NA
"C1CN(CCC1N2C3=CC=CC=C3NC2=O)CC4=CC=C(C=C4)C5=C(N=C6C=C7C(=NC=N7)C=C6N5)C8=CC=CC=C8",NA,NA,NA,NA
"C(C(C(C(C(CO)O)O)O)O)N",NA,NA,NA,NA
"C1CCC2=C(C1)CC3CCCC2C3=O",NA,NA,NA,NA
"C1C(NCC(C1O)O)CO",NA,NA,NA,NA
"CN1CCC(=CC1)C(=O)O",NA,NA,NA,NA
"CC1CCC(C(=O)C1)C(=O)C",NA,NA,NA,NA
"CC=C(C)C(=O)OC1CC[N+]2(C1C(=CC2)COC(=O)C(C(C)O)(C(C)(C)O)O)[O-]",NA,NA,NA,NA
"CC1(CN(CC2N1CCN(C2)C(=O)C(C)(C)C)S(=O)(=O)C3=CC=CC=C3)C",NA,NA,NA,NA
"CC1=C(C=C(C=C1)C=O)C","CHEBI:167406","3,4-Dimethylbenzaldehyde","3.49","2"
"CC=CC1=CC=CC=C1",NA,NA,NA,NA
"COCCOCCCCCC(=O)NCCCCC(C(=O)O)N",NA,NA,NA,NA
"CC(C)NC(=O)C(CCC(=O)N)N",NA,NA,NA,NA
"CC(=O)NC1C(C(C(OC1=O)CO)O)O",NA,NA,NA,NA
"C(CC#N)CC(=O)N",NA,NA,NA,NA
"CS(=O)CC1=CC(=CC=C1)C(=O)O",NA,NA,NA,NA
"CCCC=CCC(C(=O)O)NCC(=O)O","CHEBI:193758","1-hydroxyoct-4-enoylglycine","5.49","2"
"C=CS(=O)(=O)CCO",NA,NA,NA,NA
"CC(C(C(=O)NC(CC(=O)O)C(=O)O)N)O",NA,NA,NA,NA
"CC1=C2CC(CCC2(CC(=C1)C3CCC4CC5CC6CC(C(CC6C5C4(N3)C)O)NCC(C)O)C)C(=C)C",NA,NA,NA,NA
"C1=C(C2=C(N1C3C(C(C(O3)CO)O)O)N=C(NC2=O)N)CNC4C(C(C5C4O5)O)O",NA,NA,NA,NA
"CC(=O)NC1=CC(CCC1=O)O",NA,NA,NA,NA
"CC(C(C(C(COP(=O)(O)O)O)O)O)O",NA,NA,NA,NA
"CN1CCN(CC1)CN2C(=O)CCC2=O",NA,NA,NA,NA
"CCCC(=O)OCC(COC(=O)CCC)O","CHEBI:76540","1,3-dibutyrin","3.06","3"
"CC1=CN(C(=O)N=C1OC)C2CC(C(O2)CO)O",NA,NA,NA,NA
"B12OC(CN(CC(O1)C)CC(O2)C)C",NA,NA,NA,NA
"C1CCN(C1)C(=O)CCCC(=O)N2CCCC2",NA,NA,NA,NA
"C=CCOC1C(C(C(O1)CO)O)O",NA,NA,NA,NA
"C1N=CN(CN1[N+](=O)[O-])[N+](=O)[O-]","CHEBI:18920","1,3-dinitro-1,2,3,4-tetrahydro-1,3,5-triazine","3.06","3"
"CCCC(C(=O)NC1C(C(OC1N2C=NC3=C(N=CN=C32)N)CO)O)N",NA,NA,NA,NA
"CCCC(C)(CC(=O)NC(CCC(=O)N)C(=O)O)O",NA,NA,NA,NA
"CC1=CC(=O)C(C(C1)(C)C)C(=O)C",NA,NA,NA,NA
"C(CCN)CC(C(=O)O)NC(=O)C(CO)N","CHEBI:168940","Seryllysine","2.45","2"
"COCCC(=O)OC",NA,NA,NA,NA
"CNC1=NC2=C(C(=O)N1)N(C=[N+]2C)C",NA,NA,NA,NA
"CC1=C(C(=O)CC(C1=O)(C)C)O",NA,NA,NA,NA
"CC1=CC=C(CC1)C(=O)C",NA,NA,NA,NA
"C1CC(=O)OC2=C1C=CC(=C2)O",NA,NA,NA,NA
"CC(COC1=CC=CC=C1)NN","CHEBI:134799","fenoxypropazine","3.98","2"
"C(COCCOCCOCCOCCOCCOCCN)C(=O)O",NA,NA,NA,NA
"CC(C)(C)C(=O)N1CCCC1C(=O)N2CCCC2C(=O)O",NA,NA,NA,NA
"CC(=O)NC1=CC=CC(=C1)CC(=O)O",NA,NA,NA,NA
"C1CNC(CN1)C(=O)N",NA,NA,NA,NA
"C1=CC(=C(C=C1C(CNCCCO)O)O)O",NA,NA,NA,NA
"C1=CC(=NC(=C1)C=O)C=O",NA,NA,NA,NA
"CCCCCCCCCCCCOC(=O)C(CC1=CC(=C(C=C1)O)O)N",NA,NA,NA,NA
"CCCN(CCC)C=O","CHEBI:88185","N,N-dipropylformamide","4.04","3"
"C1=CC(=CC(=C1)N)C(=O)N","CHEBI:64042","3-aminobenzamide","3.06","3"
"CCOC(=O)C(CCCN=C(N)N)NC(=O)C",NA,NA,NA,NA
"CCNCC1CCC(C(O1)OC2C(CC(C(C2O)N(C)C(=O)CNC=O)OC)N)N",NA,NA,NA,NA
"C1CCCC(=O)OCCOC(=O)CCC1",NA,NA,NA,NA
"CCOCCOCCOCCOCCOCCOCC","CHEBI:39576","3,6,9,12,15,18-hexaoxaicosane","5.02","3"
"CC(C)CC(C(=O)NC(C(C)C)C(=O)NCC(=O)O)N",NA,NA,NA,NA
"CCCCC(CC)COCCCN","CHEBI:194207","3-(2-ethylhexoxy)propan-1-amine","4.04","3"
"CC1(C(=O)NC(=O)N1)C","CHEBI:183672","5,5-Dimethylhydantoin","3.0","2"
"CCCCCCCCNC(=O)C(C(C(C(CO)O)O)O)O",NA,NA,NA,NA
"CCCCN1C(=O)C(C(=O)NC1=O)C(C)CC",NA,NA,NA,NA
"CCCNCC",NA,NA,NA,NA
"C1CNCCN1","CHEBI:28568","piperazine","4.89","3"
"C1COCCN1C(=O)NCCNCC(COC2=CC=C(C=C2)OCC3=CC=CC=C3)O",NA,NA,NA,NA
"CC(CC(=O)O)CC(=O)O","CHEBI:68566","3-methylglutaric acid","3.06","3"
"CC(CNCC(C)O)O","CHEBI:143266","diisopropanolamine","3.55","3"
"C1=CC(=NC=C1C(=O)O)N","CHEBI:68583","6-aminonicotinic acid","3.06","3"
"CC1(CCCC1(C(=O)O)N)C",NA,NA,NA,NA
"CCOC(=O)NCC#N",NA,NA,NA,NA
"C(CC(C(=O)O)N)CNC(=NCCCN)N",NA,NA,NA,NA
"C1COCCN1CC(CO)O",NA,NA,NA,NA
"C1COCCC1C(C(=O)O)N",NA,NA,NA,NA
"C(C(=O)NN)C(=O)NN",NA,NA,NA,NA
"CCOC(=O)CN(C1=CC=CC=C1)C(=O)C",NA,NA,NA,NA
"CN1C=NC=C1CC(=O)O","CHEBI:70966","1-methyl-5-imidazoleacetic acid","3.06","3"
"[B]1C=CC=CN1CC",NA,NA,NA,NA
"CC(=O)C=CC=C(C)C=O",NA,NA,NA,NA
"C1CCCCNCCCC1",NA,NA,NA,NA
"CCC1CN(CCC1CC(=O)N(C)CCO)C(=O)C",NA,NA,NA,NA
"CC(=O)N1CN(CN(CN(C1)[N+](=O)[O-])C(=O)C)N=O",NA,NA,NA,NA
"CCNC1=CC=C(C=C1)CC(=O)O",NA,NA,NA,NA
"CC=CCC(C(=O)O)NC(=O)C",NA,NA,NA,NA
"C(C(C=O)O)C(C(CO)O)O",NA,NA,NA,NA
"CC(C)CC(=O)NCCC=O",NA,NA,NA,NA
"C(CCNC(=O)CC(CC(=O)O)(C(=O)O)O)CNCCCN","CHEBI:149586","N-citryl-spermidine zwitterion","2.52","2"
"CC(C(C)O)N",NA,NA,NA,NA
"CCC(C)C(C(=O)NC(C(C)CC)C(=O)O)NC(=O)CC(C(=O)OCC)O",NA,NA,NA,NA
"C(CCOCCC#N)COCCC#N",NA,NA,NA,NA
"C1CCN(CC1)CCCCC(C(=O)O)N",NA,NA,NA,NA
"CCC1(CC(=O)NC1=O)C","CHEBI:4887","ethosuximide","2.93","3"
"CC1=NC=C(C(=N1)N)CNC=O","CHEBI:85895","4-amino-5-formamidomethyl-2-methylpyrimidine","3.06","3"
"CCCCCCCCCCCCOCCOCCOCCOCCOCCOCCOCCOCCO","CHEBI:41527","octaethyleneglycol monododecyl ether","5.02","3"
"CCN=C1C=CC(=C(C2=CC=C(C=C2)N(CC)CC)C3=CC=C(C=C3)N(CC)CC)C4=CC=CC=C14",NA,NA,NA,NA
"C1CCCN(CC1)C2=NC(=O)CC(=O)N2",NA,NA,NA,NA
"CCC1(CCC(=O)NC1=O)C",NA,NA,NA,NA
"CC(=O)NC1C(C(C(OC1N)C2OO2)O)O",NA,NA,NA,NA
"CN1CC(=O)N=C1N","CHEBI:16737","creatinine","2.99","3"
"C1CCC(CC1)C2CCC(CC2)CCCCNCCSS(=O)(=O)O",NA,NA,NA,NA
"C1CCC(=CC1)C=O",NA,NA,NA,NA
"C(CCC(=O)OCCCCO)CC(=O)OCCCCO",NA,NA,NA,NA
"CC(=O)NC1=CC=C(C=C1)S(=O)(=O)NC(=NCC(OC)OC)NCCN(C)C",NA,NA,NA,NA
"CC1(CC(=O)C(=CC1=O)C=CC(C)(C)O)O",NA,NA,NA,NA
"CC1=C(C=CC(=C1)OC)NC(=O)C",NA,NA,NA,NA
"CC(CN(CC(C)O)CP(=O)(OC)OC)O",NA,NA,NA,NA
"CC(=O)NC1CCNC(C1)C(=O)O",NA,NA,NA,NA
"CCCC(C)OC1C(C(C(C(O1)C(=O)O)O)O)O",NA,NA,NA,NA
"CC(C)(C)OC(=O)NCC1CCNCC1",NA,NA,NA,NA
"COCCOCCOCCNCCOCCOCCOC",NA,NA,NA,NA
"CCCCOCCOCCOCCOCCOCCO",NA,NA,NA,NA
"CC(C(C(=O)O)NC(=O)CNC(=O)C(CCCN=C(N)N)N)O",NA,NA,NA,NA
"C(CCO)CC(C(=O)O)N","CHEBI:193659","2-amino-6-hydroxyhexanoic acid","4.96","2"
"CC(=O)CC#N",NA,NA,NA,NA
"CC12CCC(C(C1CCC(C2CC(=O)NCC3=CC=CO3)O)(C)CO)OC(=O)NC4=CC=C(C=C4)OC",NA,NA,NA,NA
"CC(=C)C(=O)OCC(COC(=O)C(=C)C)OC(=O)C(=C)C",NA,NA,NA,NA
"CC(C)C(=O)OC(=O)C(C)C","CHEBI:84261","isobutyric acid anhydride","3.06","3"
"CNC1=NNC(=N1)N",NA,NA,NA,NA
"CCCCN1CCCCC1",NA,NA,NA,NA
"C1=CC=C2C(=C1)C=C(N2)C=CC(=O)O",NA,NA,NA,NA
"CC(=CCCC1=CCCC(C1)C=NO)C",NA,NA,NA,NA
"CCOC(=C(C#N)C(=O)OCC)C",NA,NA,NA,NA
"CCCCN(C(=O)C)C(=O)C",NA,NA,NA,NA
"CCCC(=O)C(C)NC(=O)CCC(C(=O)O)N",NA,NA,NA,NA
"CCCC1=CC=CC=[N+]1O",NA,NA,NA,NA
"C1CCC(CC1)N(C2CCCCC2)C(=O)CC(=O)NO",NA,NA,NA,NA
"C1CCC(C1)C#N",NA,NA,NA,NA
"C1CCN(CC1)CC#CC2=CC=CC=C2",NA,NA,NA,NA
"CC1=NC(=C(C=C1)O)C",NA,NA,NA,NA
"CC=CC=CC=CC=CC=CC=CC=C",NA,NA,NA,NA
"CC1=CC(=O)C(=CC1=O)C(C)C","CHEBI:113532","thymoquinone","3.06","3"
"CC(CN1CCOCC1)O",NA,NA,NA,NA
"C(CC#N)C=O",NA,NA,NA,NA
"CC(=O)CC1CCC(N1C)CC(=O)C",NA,NA,NA,NA
"CCCC(CCC)(C#N)C(=O)NC",NA,NA,NA,NA
"CCCCCCCCCCCCCCOC(=O)C1=CC(=C(C(=C1)O)O)O",NA,NA,NA,NA
"CC(=O)SSCCCl",NA,NA,NA,NA
"CC(C(=O)O)N=C(N)N","CHEBI:136664","2-guanidinopropionic acid","3.0","2"
"CN1C(CCC1=O)CC(=O)OC",NA,NA,NA,NA
"CC=CC=CC=CC=O",NA,NA,NA,NA
"CC1=C(C=CC(=C1)NC(=O)C)O",NA,NA,NA,NA
"CC(=O)NC(CCCCN)C(=O)NC",NA,NA,NA,NA
"CCCCCCCCCCCCCCCCN(CCNS(=O)(=O)C)C1=CC(=C(C(=C1)C)N)C",NA,NA,NA,NA
"C1CC(CN(C1)CCO)CO",NA,NA,NA,NA
"CC(CC(=O)OC)C(CC(=O)O)O",NA,NA,NA,NA
"CC1(CCCC2(C1CC=C2C(=O)O)C)C","CHEBI:181057","4,4,7a-trimethyl-3a,5,6,7-tetrahydro-3H-indene-1-carboxylic acid","2.52","2"
"CC1=CC(=[N+](C=C1)CC(=O)O)C",NA,NA,NA,NA
"C1CCC(C1)C(=O)CC#N",NA,NA,NA,NA
"CC(C)N(C(C)C)P(OCCC#N)OCCC#N",NA,NA,NA,NA
"CC[N+](CCO)(CCO)CC1CO1",NA,NA,NA,NA
"CCC1=NON=C1N",NA,NA,NA,NA
"CC=C(C=C)C=O",NA,NA,NA,NA
"C1(=C(C(=NC(=C1Cl)Cl)C(=O)O)Cl)NN",NA,NA,NA,NA
"CCCCCCCCCCCCCCCCCC(=O)NCCC1=CNC2=CC=CC=C21",NA,NA,NA,NA
"CCOCC(C(OCC)OCC)Cl",NA,NA,NA,NA
"CCCCCCC1(C(=O)NC(=O)NC1=O)CC",NA,NA,NA,NA
"CN1CCC(CC1CC(C2=CC=CC=C2)O)O",NA,NA,NA,NA
"C1CC(NC1)C(=O)NCC2CCC(CC2)C(=O)O",NA,NA,NA,NA
"C1CC(SC1)C(=O)O","CHEBI:9384","THTC","3.49","2"
"CC(C)(CO)N(OCCCO)OCCCO",NA,NA,NA,NA
"COC1=CC=C(S1)SCC(=O)O",NA,NA,NA,NA
"CN1C=C(C=N1)C2=CC(=C(C=C2)NC3=NC=C4C=CN=C(C4=N3)C5=CN(N=C5)C)OC",NA,NA,NA,NA
"C(C=O)C(C(C(CO)O)O)O",NA,NA,NA,NA
"COC1=CC(=C(C=C1)C(=O)N2CCOCC2)OC",NA,NA,NA,NA
"CC(=O)OC1=C(C2=NC=CC3=C2N(C1=O)C4=CC=CC=C34)OC",NA,NA,NA,NA
"CC(NC(CO)C(C(C(CO)O)O)O)O",NA,NA,NA,NA
"CC1=CC(=C(C=C1C)OC)C(=O)C",NA,NA,NA,NA
"CCCCC(C(=O)O)NCC(=O)O","CHEBI:188438","1-hydroxyhexanoylglycine","3.0","2"
"C(COC=COC=CO)O",NA,NA,NA,NA
"CC1CN(C(=O)C2=C(C(=CC=C2)NC(=O)C3=CC=C(C=C3)C4=NC=CS4)OC1CN(C)C(=O)NC5=CC=CC6=CC=CC=C65)C(C)CO",NA,NA,NA,NA
"C1=CC=NC(=C1)CCCO",NA,NA,NA,NA
"C(CC(C(=O)O)N)CN=C(N)NO","CHEBI:7101","N(5)-[(Z)-amino(hydroxyimino)methyl]ornithine","2.75","3"
"CN1CN(C2=C1C(=O)NC(=N2)N)C","CHEBI:191229","7,9-Dimethylguanine","3.98","2"
"CCCCCCCCCCCCOCCOCCOCCOCCOCCO","CHEBI:91323","laureth-5","5.02","3"
"CCCCCCCCCCCCOCC(CNCCO)O",NA,NA,NA,NA
"C(CCC(=O)O)CC(CCCCC(=O)O)N",NA,NA,NA,NA
"C(NC(=O)N)NC(=O)NCNC(=O)N","CHEBI:4621","Dimethylenetriurea","2.52","2"
"C(C1C(C(C(C(O1)O)O)OC2C(C(C(C(O2)CO)O)O)O)O)O","CHEBI:144332","3-alpha-Mannobiose","1.67","2"
"CC(=O)OCCN(CCO)CCO",NA,NA,NA,NA
"CCC1CNC(=O)C(=C1O)C(=O)C",NA,NA,NA,NA
"CCC(C)C(C(=O)O)NC(=O)C(CO)NC(=O)C(C)N",NA,NA,NA,NA
"CCCCCCCCCCCCCCCCCCNC(=O)OCC(CO)O",NA,NA,NA,NA
"C#CC1=CNC(=O)NC1=O","CHEBI:177783","eniluracil","3.0","2"
"CC(=O)NCCCN(CCCN1CCCCCCCCCCCC1)C(=O)C",NA,NA,NA,NA
"CS(=O)CS(=O)C",NA,NA,NA,NA
"C1=CC=C2C(=C1)C3=C(N2)C(=O)N4C(=N3)SC=N4",NA,NA,NA,NA
"C1C(O1)CCOCCC2CO2",NA,NA,NA,NA
"CN(C)CC(=O)NC1=C(C2=C(CC3CC4C(C(=O)C(=C(C4(C(=O)C3=C2O)O)O)C(=O)N)N(C)C)C=C1)O",NA,NA,NA,NA
"C(C(C(=O)O)N)N=C(N)N",NA,NA,NA,NA
"C1=CC=C(C(=C1)C=O)C(=O)N",NA,NA,NA,NA
"C1CCN(C1)CC(=O)O",NA,NA,NA,NA
"C=NC1=CC=CC=C1",NA,NA,NA,NA
"CCCNC(C)CC",NA,NA,NA,NA
"C#CC1=CC=CC=C1","CHEBI:167069","Ethynylbenzene","4.96","2"
"CCNC1CC(C(C(C1OC2C(C(C(CO2)(C)O)NC)O)O)OC3C(CC=C(O3)CN)N)N",NA,NA,NA,NA
"CC1=CCCC(=O)C1",NA,NA,NA,NA
"CC(=O)C1=CC(=O)C2(CCCC(C2C1)(C)O)C",NA,NA,NA,NA
"CCCC1=NC(=NC(=N1)N2CCOCC2)NC(CO)(CO)CO",NA,NA,NA,NA
"CCC=CCC1C(CCC1=O)CC(=O)O",NA,NA,NA,NA
"CCCCN=CNC1=C(C=C(C=C1)Cl)C",NA,NA,NA,NA
"CCOCCOCCOCCOCCOC",NA,NA,NA,NA
"CCCCCC=CC=CC(=O)N",NA,NA,NA,NA
"CCN(CC)C(=O)C(Cl)Cl",NA,NA,NA,NA
"C1CN(CC1F)CCCO",NA,NA,NA,NA
"CC(C)(C)C1=CC=C(C=C1)C(=O)OC2=CC(=CC=C2)OC(=O)C3=CC=C(C=C3)C(C)(C)C",NA,NA,NA,NA
"CCCCCCCC(=O)NCCCN",NA,NA,NA,NA
"C(CN[N+](=O)[O-])N[N+](=O)[O-]",NA,NA,NA,NA
"CCC(O)(OCC=C)OCC=C",NA,NA,NA,NA
"C1CC2(CCC1=O)CS(=O)(=O)C2",NA,NA,NA,NA
"CC(C)(C(=O)O)N=[N+]=[N-]",NA,NA,NA,NA
"COC1=CC=C(C=C1)CC(COC(=O)C(CC2=CC=CC=C2)NC(=O)C3=CC=CC=C3)NC(=O)C4=CC=CC=C4",NA,NA,NA,NA
"C1CN2CCN1CC2CO",NA,NA,NA,NA
"CC(C)CC(C(=O)NC(CCCN=C(N)N)C(=O)O)NC(=O)OC(C)(C)C",NA,NA,NA,NA
"CC1CC(=O)C2=C1C=C(C(CC2(C)O)O)C(C)C",NA,NA,NA,NA
"CCC(C)C(C(=O)NCC(=O)NC(C)C=O)NC(=O)CNC(=O)C(C(C)C)NC(=O)C(C)N",NA,NA,NA,NA
"CC(C)CC(C(=O)NC(CCCN=C(N)N)C=O)NC(=O)C",NA,NA,NA,NA
"CC(=O)NC(C(CCN=C(N)N)O)C(=O)O",NA,NA,NA,NA
"CC(C(=O)NC(CCCCN)C(=O)NC(CCCCN)C=O)N",NA,NA,NA,NA
"CC=CC=CC=O",NA,NA,NA,NA
"CCS(=O)(=O)CCO",NA,NA,NA,NA
"C=CCOC(C(OCC=C)OCC=C)OCC=C",NA,NA,NA,NA
"CCCCOCC(CN1CCOCC1)O",NA,NA,NA,NA
"CC(C(=O)NC(CCCCNC(=O)C)C=O)NC(=O)CN",NA,NA,NA,NA
"CC(C(=O)NC(CO)C(=O)NC(CCC(=O)O)C=O)NC(=O)C(CO)N",NA,NA,NA,NA
"COCCCN(CCO)CCO",NA,NA,NA,NA
"CC1(C2CCC1(C(=O)C2=CC(=O)O)C)C",NA,NA,NA,NA
"CC(C)(C(CC1=C(C(=C2C(=C1)C=CC(=O)O2)O)OC)O)O",NA,NA,NA,NA
"CC(C)(C)OC(=O)NC1CCOC1=O",NA,NA,NA,NA
"B(C1=CC=CC=C1COC2=C(C=CC=C2C(C)C)C(C)C)(O)O",NA,NA,NA,NA
"C1=CC=C2C(=C1)N=C(N=N2)N",NA,NA,NA,NA
"CC(CNC(=O)C)C(C(=O)NC(C(C1CN2C(O1)CC2=O)O)C(=O)O)N",NA,NA,NA,NA
"C(C(CO)(CO)COCC(CO)(CO)CO)O",NA,NA,NA,NA
"CC1CCCC(C=CC(C=CC(=O)O1)O)O",NA,NA,NA,NA
"CCCCCCCCOC(=O)CCCCC(=O)OCC1=CC=CC=C1",NA,NA,NA,NA
"CC(=O)C1CCOC1=O","CHEBI:179633","3-Acetyldihydro-2(3H)-furanone","3.49","2"
"CC(=C)C(CC=C(C)C=C)OC(=O)C",NA,NA,NA,NA
"CCCCCCCCCCCCCCCCCC(=O)NCCOCC(=O)O",NA,NA,NA,NA
"CC1(COC(C(C1NC)O)OC2C(CC(C(C2O)OC3C(CCC(O3)CN)N)N)N)O",NA,NA,NA,NA
"CCCCCCCCCCCCOCCCN",NA,NA,NA,NA
"B(C1=CC(=CC(=C1)F)OC(C)C)(O)O",NA,NA,NA,NA
"CC1=C(N2C(C(C2=O)NC(=O)CCCC(C(=O)O)O)SC1)C(=O)O",NA,NA,NA,NA
"CCC1(C(=NN)NC(=O)NC1=O)CC",NA,NA,NA,NA
"C(C1=C(C(=O)NC(=O)N1)Cl)Cl",NA,NA,NA,NA
"C(C1C(C(C(C(O1)OC(CO)C(C(CO)O)O)O)O)O)O",NA,NA,NA,NA
"C(C1C(C(C(C(O1)OC2C(OC(C(C2O)O)O)CO)O)O)O)O",NA,NA,NA,NA
"CC(=O)NC1=CC=C(C=C1)OCCCCCOC2=CC=C(C=C2)NC(=O)C",NA,NA,NA,NA
"CCCCCCCC(=O)OCC(COC1C(C(C(C(O1)CO)O)O)O)O",NA,NA,NA,NA
"C1=CC(=C(C=C1S(=O)(=O)N)F)[N+](=O)[O-]",NA,NA,NA,NA
"CCC(C)C(C(=O)NC(C)C=O)NC(=O)C(CC1=CN=CN1)N",NA,NA,NA,NA
"CC1=CC(=CC(=O)N1)C(=O)O",NA,NA,NA,NA
"CCCNC(=O)C(=O)NC1=CC=C(C=C1)S(=O)(=O)NC(=O)C(=O)NC",NA,NA,NA,NA
"CCCC1=NC(=NC(=N1)N2CCOCC2)NCC(CO)O",NA,NA,NA,NA
"C=CCCCCCCCCC[N+](=O)[O-]","CHEBI:84219","11-nitro-1-undecene","4.04","3"
"CC1=NC(=CC=C1)C=O",NA,NA,NA,NA
"C(CNCCN)N","CHEBI:30629","diethylenetriamine","5.02","3"
"CC1=C(C(=O)C(=C(C1=O)OC)OC)CC=C(C)C","CHEBI:46234","ubiquinone-1","2.57","3"
"CC(CC(=O)O)C=C","CHEBI:180391","3-methyl-4-pentenoic acid","3.0","2"
"CC(=O)OC1=CN=CC=C1",NA,NA,NA,NA
"CC(C(C(C(CO)O)OC1C(C(C(C(O1)CO)O)O)O)O)O",NA,NA,NA,NA
"CC1(CC(C1)C(C2=CC=C(C=C2)C(=O)NCCC(=O)O)NC3=CN=C(C=C3)N4C=C(N=C4)C(F)(F)F)C",NA,NA,NA,NA
"C(C=O)NC(=O)CNC(=O)CNC(=O)CNC(=O)CN",NA,NA,NA,NA
"CC(C)C(=O)N1CCN(CC1)C(=O)C(C)C",NA,NA,NA,NA
"CC1C(C(C(C(O1)O)O)NC(=O)C2(C(CC(=O)N2)(C)O)C)O",NA,NA,NA,NA
"CC1CC(C(=O)C(C1=O)C(=O)C)(C)C",NA,NA,NA,NA
"C1CC(OC1CCCCCCCC(=O)O)CC(=O)O",NA,NA,NA,NA
"CC1=CC(=O)C2=C(O1)C(=C(O2)C3=CC=C(C=C3)OC)CC(=O)NCC(=O)NC4=CC=C(C=C4)C(=O)OC",NA,NA,NA,NA
"CC(CO)([N+](=O)[O-])[N+](=O)[O-]",NA,NA,NA,NA
"B(C1=CC=C(C=C1)C2=CC=C(C=C2)OCCCCC)(O)O",NA,NA,NA,NA
"CCOC(C)OC1C(C(C(C(O1)CO)O)O)O",NA,NA,NA,NA
"CCCC1=NC(=NC(=N1)N(CCOC(=O)C)C(=O)C)N2CCOCC2",NA,NA,NA,NA
"CC1=C(C=NC=C1)CO",NA,NA,NA,NA
"CCCC=CC=CC(=O)NCC(=O)O",NA,NA,NA,NA
"CCC(C)OC1C(C(C(C(O1)CO)O)O)NC(=O)C",NA,NA,NA,NA
"C(CC(C(=O)O)N)C(CN=CC(CCC(C(=O)O)N)O)O","CHEBI:172532","Syndesine","3.17","2"
"C(CNCC(CNCCN)C(=O)N)N",NA,NA,NA,NA
"C1=CC(=CC=C1CC(C(=O)NC(CCC(=O)N)C(=O)NC(CCC(=O)N)C(=O)NC(CCC(=O)O)C(=O)O)N)O",NA,NA,NA,NA
"CCC=C(C)C(C(C)C(=O)NCC(=O)C(C)C(C(C)C(=O)O)O)O",NA,NA,NA,NA
"CCS(=O)CCO","CHEBI:38736","2-(ethanesulfinyl)ethanol","4.04","3"
"CCC(C1CC(C=CC1O)C=COC(=O)C)O",NA,NA,NA,NA
"CC1(C(=O)CC(=O)C(C1=O)(C)C)C",NA,NA,NA,NA
"CSCCCCCCC(=CC(=O)O)C(=O)O",NA,NA,NA,NA
"CC(C)(C)OC(=O)CC(C(=O)O)NC(=O)OC(C)(C)C",NA,NA,NA,NA
"CC1=CC=C(C=C1)S(=O)(=O)NC2CCC(OC2CO)CCNC(=O)C3CCCCC3",NA,NA,NA,NA
"CCCCCCCCCCCCCCCCC(CN(CCC(=O)O)CCO)O",NA,NA,NA,NA
"C(C(C(C(C(=O)O)N)O)O)OC(=O)N",NA,NA,NA,NA
"C(C(C(C(C(C(=O)CO)O)O)O)O)O","CHEBI:167607","1,3,4,5,6,7-hexahydroxyheptan-2-one","2.37","2"
"C1=CC=C(C(=C1)C(=O)O)NC(=O)CCC(=O)O","CHEBI:93956","2-[(3-carboxy-1-oxopropyl)amino]benzoic acid","2.52","2"
"CCC(C#CC#CC(CO)O)O",NA,NA,NA,NA
"CC(C)CC(C(=O)NCCC(=O)N)NC(=O)N1CCNC1=O",NA,NA,NA,NA
"CC1C2CCC3(C(O3)CCC4(C(C2OC1=O)O4)C)C",NA,NA,NA,NA
"CCCCC(=O)NC1C(C(C(OC1O)CO)O)O",NA,NA,NA,NA
"CC(C)(CO)C(C(=O)NCCC(CO)O)O",NA,NA,NA,NA
"C(C(C(C(C(C(C(=O)CO)O)O)O)O)O)O",NA,NA,NA,NA
"COC1=C(C=C2C(CNCC2=C1)O)O",NA,NA,NA,NA
"COC1=CC=C(C=C1)C(=O)CCCC#N",NA,NA,NA,NA
"C1C(COC(O1)C(CO)(CO)CO)(CO)CO",NA,NA,NA,NA
"COC1=CC=C(C=C1)NC2=NC(=NC3=C2NC=N3)NCCO",NA,NA,NA,NA
"CC(C(C)N1CC(=O)N(C(=O)C1)CN2CCOCC2)N3CC(=O)N(C(=O)C3)CN4CCOCC4",NA,NA,NA,NA
"C1CCC(CC1)CCC(=O)N(CCO)CC(C(C(C(CO)O)O)O)O",NA,NA,NA,NA
"CC(C)CCCCCCCCC(=O)NC(CC(=O)N)C(=O)O",NA,NA,NA,NA
"C(CCCCC(=O)CCCO)CCCC(C1C(C(C(N1)CO)O)O)O",NA,NA,NA,NA
"CC(C)N(C(C)C)P(N(C(C)C)C(C)C)OC",NA,NA,NA,NA
"C1C(N(C2C(=N1)NC(NC2=O)N)C=O)CN",NA,NA,NA,NA
"CCCCCCCC(=O)OCC(C(C(C(C=O)O)O)O)O",NA,NA,NA,NA
"CC(C)CCCC(C)CC=O",NA,NA,NA,NA
"CC1C(C(CC(O1)OC2CC(C(C(O2)C)O)O)O)O",NA,NA,NA,NA
"CN1C2=C(C(=O)N(C1=O)CC(CO)O)NC=N2",NA,NA,NA,NA
"CC1=NC(=NC(=N1)N2CCCC2)N",NA,NA,NA,NA
"CC(=NC(=N)C)N",NA,NA,NA,NA
"CSC(=C(C#N)C(=C(N)SC)[N+]#[C-])N","CHEBI:92839","4-amino-2-[amino-(methylthio)methylidene]-3-isocyano-4-(methylthio)-3-butenenitrile","3.0","2"
"CC(C)(C)OC(=O)NC(CC1CCCCO1)C(=O)O",NA,NA,NA,NA
"CC(CNCOC1=C(C=CC(=C1)CCC(=O)CC(CCC2=CC(=C(C=C2)O)OC)O)O)O",NA,NA,NA,NA
"CCCCCNC(=S)NC12CC3CC(C1)CC(C3)C2",NA,NA,NA,NA
"CC(C)CC(C(=O)NC(CCCCN)C(=O)O)NC(=O)C(CCC(=O)N)N",NA,NA,NA,NA
"CC1=CC=CC=C1N=C(N)N=C(N)N",NA,NA,NA,NA
"C1=CC(=C(C(=C1)O)C#N)O",NA,NA,NA,NA
"C1CCC(CC1)OC2=C(C=CC(=C2)CCC(CC3CCCC(C#CC4=CC(=NC=C4CO3)N)CCC5=CC=C(C=C5)O)O)O",NA,NA,NA,NA
"CC(C)CC(C(=O)N)NC(=O)C1CCCN1C(=O)N(C)N=O",NA,NA,NA,NA
"CSCCCCCCC(C(=O)C(=O)O)C(=O)O",NA,NA,NA,NA
"CCCOC(=O)CC(CC(=O)OCCC)(C(=O)OCCC)O",NA,NA,NA,NA
"CCCCC(=O)C=CC(=O)C","CHEBI:180442","3E-Nonen-2,5-dione","4.72","2"
"CC(C)(C)OC(=O)NCCOCCN",NA,NA,NA,NA
"CC(=O)C(CN1CCC(CC1)O)CN2CCC(CC2)O",NA,NA,NA,NA
"CC1=CC(C(CC1CC(=O)N2CCN(CC2)C(=O)C)C(C)C)CNC(=O)NC(C)C",NA,NA,NA,NA
"C1(=NON=C1N)C2=NOC(=N2)N","CHEBI:116193","4-(5-amino-1,2,4-oxadiazol-3-yl)-1,2,5-oxadiazol-3-amine","3.0","2"
"C1COCCN1C(=O)CCCl",NA,NA,NA,NA
"CCCCCCCCCCCCCC(=O)NCCS(=O)(=O)O","CHEBI:132476","N-tetradecanoyltaurine","2.99","3"
"CCC1=C(C(=NC(=N1)N)N)C2=CC(=C(C=C2)Cl)N=NN(CCOC(=O)C)CC3=CC=CC=C3",NA,NA,NA,NA
"CC(C)NC1=NC(=NC(=O)N1)NC(C)C","CHEBI:182831","1,3,5-Triazin-2(1H)-one, 4,6-bis((1-methylethyl)amino)-","2.52","2"
"C(CCF)CN=C=O",NA,NA,NA,NA
"C1(=NC(=NN1)N)C(=O)O",NA,NA,NA,NA
"C1=NC2=NNN=C2C(=N1)N","CHEBI:77751","8-azaadenine","3.55","3"
"B(CC=C)(OC(C)C)OC(C)C",NA,NA,NA,NA
"CC(C)C(C(=O)NC(CCC(=O)N)C(=O)NC(C(C)C)C(=O)NCC(=O)O)N",NA,NA,NA,NA
"C(CC(C(=O)NCCS(=O)(=O)O)N)CN","CHEBI:189813","N-Ornithyl-L-taurine","3.98","2"
"CC(CCCN)(C(=O)O)NN",NA,NA,NA,NA
"CC1C(C(C(C(O1)OC(C(CO)O)C(C(CO)O)O)O)O)O",NA,NA,NA,NA
"CC(C)(C)OC(=O)N1CCC(CC1)CN2CCC(CC2)O",NA,NA,NA,NA
"C=CCCCCI",NA,NA,NA,NA
"CC(C)(C)OC(=O)CCCC1=CC=C(C=C1)N(CCCl)CCCl",NA,NA,NA,NA
"CC12CCC3C(C1CCC(C2CC(=O)N4CCOCC4)O)(COC(O3)COC)C",NA,NA,NA,NA
"C=C(CC(=O)N)C(=O)N",NA,NA,NA,NA
"CC1=CC(=O)N(C(=C1)C2CCCCC2)O","CHEBI:453011","ciclopirox","3.06","3"
"CSCCCC(=CC(=O)O)C(=O)O","CHEBI:134536","2-(2-methylthiopropyl)maleic acid","3.5","3"
"CCC(=O)NC(CC1=CC=CC=C1)C(=O)NC(CCCN=C(N)N)C=O",NA,NA,NA,NA
"CCN1C(=CC=CC2=CC=[N+](C3=CC=CC=C23)CC)SC4=C1C5=CC=CC=C5C=C4",NA,NA,NA,NA
"CC(C)(C)OC(=O)NC1CC1C(=O)O",NA,NA,NA,NA
"CC(C)NC(=O)NC1CC2C(=O)NCC(N2C1)CCC(=O)N3CCOCC3",NA,NA,NA,NA
"B1(OC2CC3CC(C3(C)C)C2(O1)C)C4=CC=CC=C4",NA,NA,NA,NA
"CCCCCCCCCCC(CNC(C(C)C)C(=O)O)O",NA,NA,NA,NA
"CC(C(C(=O)OCC1CCN2C1CCC2)(C(C)(C)O)O)O",NA,NA,NA,NA
"CN1C=NC2=C1C(=O)N=C(N2C)N",NA,NA,NA,NA
"CN(C)CCOC1=NC(=NC(=C1)NCCOC)OCCN",NA,NA,NA,NA
"CS(=O)CCN1C=CN=C1[N+](=O)[O-]",NA,NA,NA,NA
"CC(=NNC(=O)N)C",NA,NA,NA,NA
"C1CCN(CC1)C(=O)CCC2CNC(=O)C3N2CC(C3)NC(=O)C4=CC=CC=C4",NA,NA,NA,NA
"CC1CCCC(C1)NNC(=O)C2=CC=NC=C2",NA,NA,NA,NA
"CN(C)CCNC(=O)CC1C(C(C(O1)CN)O)O",NA,NA,NA,NA
"CC1=C(C=C(C=C1[N+](=O)[O-])C(=O)NCC=C)[N+](=O)[O-]",NA,NA,NA,NA
"CC1=CC(=O)CC(C1(C=CC(=CC(=O)O)C)O)(C)CO",NA,NA,NA,NA
"C(C=CCN)C(C(=O)O)N",NA,NA,NA,NA
"C1CC2=CC(=NN2C1)C(=O)O",NA,NA,NA,NA
"CCNC(=O)NC1COC2C1OCC2NC3=NC=CC(=N3)C(C)(C)C",NA,NA,NA,NA
"CCCCC1=CC(=NO1)CC2CNCCC2CC(=O)NCCN3CCOCC3",NA,NA,NA,NA
"C1=COC(=N1)CCl",NA,NA,NA,NA
"CCCCOC1C(C(C(C(O1)CO)OC)OC)NC(=O)C",NA,NA,NA,NA
"C1=CC(=CC=C1C(=O)C2=CC=C(C=C2)O)O","CHEBI:34365","4,4'-Dihydroxybenzophenone","3.0","2"
"B(C1CCC1)(O)O",NA,NA,NA,NA
"CC(C)C(C(=O)NC(CCCCN)C(=O)O)N",NA,NA,NA,NA
"COC(=O)C1CC1","CHEBI:131412","methyl cyclopropanecarboxylate","4.04","3"
"CC1=CC(=NC(=N1)N)N(C)C",NA,NA,NA,NA
"CC(C(C1CCCN1C(=O)OC(C)(C)C)OC)C(=O)O",NA,NA,NA,NA
"CC(=O)C12CC(C1)(C2)C(=O)C",NA,NA,NA,NA
"CC(C(=O)NC(C)C(=O)NC(C)C(=O)O)N",NA,NA,NA,NA
"CCCCCC(CC(=O)C(C)NC(=O)CCC(C(=O)O)O)O",NA,NA,NA,NA
"C1CC1NC(=O)C2C(CCC(O2)CCN3CCOCC3)O",NA,NA,NA,NA
"C(CNC(=O)N)NC(=O)N",NA,NA,NA,NA
"CC1=CC(=O)CO1",NA,NA,NA,NA
"CCNC(=O)NCC1C=C(C(CC1C(C)C)CC(=O)N2CCN(CC2)C(=O)C)C",NA,NA,NA,NA
"C1CC(=O)CC1=O","CHEBI:41456","cyclopentane-1,3-dione","4.04","3"
"C1=CC=C(C=C1)CSC(=O)NC2=CC=CC=C2F",NA,NA,NA,NA
"CCCCCC(C(C(CO)N)O)O",NA,NA,NA,NA
"CC1(CC(CC(N1C)(C)C)N(C)C)C",NA,NA,NA,NA
"CCCCCCS(=O)(=O)O",NA,NA,NA,NA
"CC1=C([N+](=CC=C1)CC(=O)O)C",NA,NA,NA,NA
"C=COS(=O)(=O)C1=CC=C(C=C1)Cl",NA,NA,NA,NA
"CCCCNC(=S)NC(=S)N",NA,NA,NA,NA
"CC1C(C(C(C(O1)OCCCCN)O)O)O",NA,NA,NA,NA
"CC(C)(C)CC(=O)N1CCNC(C1)C(=O)N",NA,NA,NA,NA
"CC(CCCCCCCCCC(C(=CC(=O)O)CN=C(N)N)NC1=CC=CN1)C=O",NA,NA,NA,NA
"C(C(CO[N+](=O)[O-])O)O[N+](=O)[O-]","CHEBI:18921","1,3-dinitroglycerol","3.06","3"
"CC1(COCCOCCOCCOCCO1)C",NA,NA,NA,NA
"C1CCC(CC1)NC(=O)OC2COC3C2OCC3NS(=O)(=O)CC4=CC=CC=C4",NA,NA,NA,NA
"C1COCCNCCOCCOCCN1",NA,NA,NA,NA
"C1COC(C1O)COP(=O)=O",NA,NA,NA,NA
"C(CN)CN=[N+]=[N-]",NA,NA,NA,NA
"CC(C)(C)OC(=O)NCCCF",NA,NA,NA,NA
"CCNC1=NC(=NC(=N1)OC)NC(C)C","CHEBI:82220","atraton","3.06","3"
"CC1CN(C(=O)CCCN2C=C(COC1CN(C)C(=O)OC)N=N2)C(C)CO",NA,NA,NA,NA
"CN(NS(=O)(=O)C)S(=O)(=O)C",NA,NA,NA,NA
"B(C1=CC(=CC=C1)S(=O)(=O)NC(C)(C)C)(O)O",NA,NA,NA,NA
"CCCCCN(CCCCC)C(=O)CCCNC(=O)CCC",NA,NA,NA,NA
"CSC1=NC(=CC(=N1)OC(F)F)OC(F)F",NA,NA,NA,NA
"CCN1CCN(CC1)C(=O)N(CC)CC",NA,NA,NA,NA
"CC[N+](CC(C)O)(CC(C)O)CC(C)O",NA,NA,NA,NA
"CC(C)OCN1C(C(N(C1=O)COC(C)C)O)O",NA,NA,NA,NA
"CNC(=O)ON=C1COCCS1",NA,NA,NA,NA
"CS(=O)(=O)CS(=O)(=O)CC1=CC=CC=C1","CHEBI:87692","mesylmethyl(benzyl)sulfone","3.55","3"
"COC(=O)C(=C(F)F)F",NA,NA,NA,NA
"CCCCCC(=O)N1CCC(C(C1)CC)CC(=O)NCCO",NA,NA,NA,NA
"CCN(CC)CCOC(=O)NC1=CC(=C(C=C1)C)NC(=O)OCCN(CC)CC",NA,NA,NA,NA
"CCN(CC)CCN1CCN(CC1)C(=N)N",NA,NA,NA,NA
"CC1=CC(=CC2=C1SC(=C3C(=O)C4=C(S3)C(=CC(=C4)Cl)C)C2=O)Cl",NA,NA,NA,NA
"CCNC(CO)(CO)CO",NA,NA,NA,NA
"CCCCCC(CCCCC)CC(=O)CC(=O)CCC1=CC(=C(C(=C1)OC)O)C2C3=C(C=CC2(CC4=CC=C[N-]4)CO)C(=NC=C3)N",NA,NA,NA,NA
"CN(C1=NN=C(C=C1)Cl)N",NA,NA,NA,NA
"C1=CN=C(C2=C1N(C=N2)CCCN)N",NA,NA,NA,NA
"CCN(CC)CC1CC2(CC(OC2=O)CN(CC)CC)C(=O)O1",NA,NA,NA,NA
"C1C=CC2C1C2C=O",NA,NA,NA,NA
"C1CCC(CC1)NCC(CS(=O)(=O)O)O","CHEBI:183882","3-(cyclohexylamino)-2-hydroxy-1-propanesulfonic acid","3.0","2"
"CC(C)C(C(=O)NC(CCCNC(=O)N)C(=O)NC1=CC=C(C=C1)CO)N",NA,NA,NA,NA
"CCC1CN2CCC1CC2CNC(=O)CCC(=O)O",NA,NA,NA,NA
"CCCCCCCCCCCC1=[N+](CCN1CCO)CC(=O)O",NA,NA,NA,NA
"CC(=NCCNCCN=C(C)C(=NO)C)C(=NO)C",NA,NA,NA,NA
"CCCCCC1(C(=O)NC(=O)NC1=O)CCCCC",NA,NA,NA,NA
"CN(C)CC1=CN(N=N1)CCC2CCC(C(O2)CO)N",NA,NA,NA,NA
"C1=CC(=CC=C1CN=C(N)N=C(N)N)C#N",NA,NA,NA,NA
"C1=CC(=C(C(=C1)Cl)C=C[N+](=O)[O-])F",NA,NA,NA,NA
"CC(C)(C)OC(=O)NOCCCN","CHEBI:188751","2-Methyl-2-propanyl (3-aminopropoxy)carbamate","3.0","2"
"CCCCC(CC(=O)OC(CC(=O)O)C[N+](C)(C)C)O",NA,NA,NA,NA
"CCCCCCCCCCN=C=S",NA,NA,NA,NA
"CCOC(=O)OCC(F)(F)F",NA,NA,NA,NA
"CCCCCCC(=NNC(=O)N)CC",NA,NA,NA,NA
"C(COCCOCCOCCOCCOCCN=[N+]=[N-])N=[N+]=[N-]",NA,NA,NA,NA
"CC(C1=CSC=C1)NC(=O)NCCCl",NA,NA,NA,NA
"CC(C)(C)OC(=O)N1CCN(CC1)C2CNC2",NA,NA,NA,NA
"C1=CC=C(C=C1)CCNS(=O)(=O)Cl",NA,NA,NA,NA
"B(C1=CC(=CC=C1)C(=O)NC2=CC=CC=C2)(O)O",NA,NA,NA,NA
"C1(=NC(=NN1)Br)[N+](=O)[O-]",NA,NA,NA,NA
"CCCCCCCCCCCCOCCOCCOCCOCCOCCOCCOCCOCCOCCO","CHEBI:46859","polidocanol","5.02","3"
"CC(C(C(=O)O)NC(=O)NC1=C2C(=NC=N1)N(C=N2)C3C(C(C(O3)COP(=O)(O)O)O)O)O",NA,NA,NA,NA
"CC(C=O)NC(=O)C(C)NC(=O)C(CCCC[N+](C)(C)C)NC(=O)C(CCCN=C(N)N)NC(=O)C(C)N",NA,NA,NA,NA
"CCCCCCCCCCCCOCCOCCOCCOCCOCCOCCOCCOCCOCCOCCOCCO",NA,NA,NA,NA
"C1(OC(OC(O1)C(Cl)Cl)C(Cl)Cl)C(Cl)Cl",NA,NA,NA,NA
"B(N(C(C)C)C(C)C)(Cl)Cl",NA,NA,NA,NA
"[B-](CCCCC(CCCO)(C(=O)O)N)(O)(O)O",NA,NA,NA,NA
"CNP(=O)(NC)N1C(=NC(=N1)CC2=CC=CC=C2)N",NA,NA,NA,NA
"C1=CC(=CC=C1C(=O)NC(COC2C(OC(C(C2O)O)O)CO)COC3C(OC(C(C3O)O)O)CO)C4(N=N4)C(F)(F)F",NA,NA,NA,NA
"C1(C(C(OC(C1O)OC2=C(C(=C(C(=C2Cl)Cl)Cl)Cl)Cl)C(=O)O)O)O",NA,NA,NA,NA
"CCCCCCCCCCCCCCCCC(C(=O)NC(COC1C(C(C(C(O1)CO)O)O)O)C(C=CCCCCCCCCCC(C)C)O)O",NA,NA,NA,NA
"[B-]1(OCCO1)(O)OCCCN=C(N)N",NA,NA,NA,NA
"COP(=S)(OC)OC(=CCl)C1=C(C(=CC=C1)Br)Cl",NA,NA,NA,NA
"B(C(CCCCN)N)(OCC)OCC",NA,NA,NA,NA
"CC1C(CC(C2[NH+]1CCC(C2)(C3CCCC4(CCCC4)C(CC(CNC5(CC(CC6=CC=CC(=C6)C3)NC(C5)N)C)(CC(=O)O)O)O)O)N7C=CN=C7)O",NA,NA,NA,NA
"C1=CC=C(C(=C1)OP(=O)(O)Cl)OP(=O)(O)Cl",NA,NA,NA,NA
"CC(C(F)(F)F)OC(=O)NC(C1CCCCC1)C(=O)N2CC(CC2C(=O)NC3(CC3C4CC4)C(=O)NS(=O)(=O)C5CC5)OC6=NC=C(C7=C6C=C(C=C7)Cl)OC",NA,NA,NA,NA
